INSERT INTO adress
(city, street, home, flat) 
VALUES
('Minsk', 'Gikalo', '9', '12'),
('Minsk', 'Gikalo', '19', '32'),
('Minsk', 'Gikalo', '55', '7'),
('Minsk', 'Yakub', '7', '132'),
('Minsk', 'Hoh', '9', '13'),
('Minsk', 'Judro', '55', '74'),
('Minsk', 'adsf', '55', '74'),
('Minsk', 'asdf', '55', '74'),
('Minsk', 'gfgfggfg', '55', '74'),
('Minsk', 'fdff', '55', '74'),
('wlrbbm', 'bhcda', '26', '96'),
('wkkyhi', 'dqscd', '92', '11'),
('mowfrxs', 'ybldbe', '77', '60'),
('rcbynec', 'yggxx', '82', '60'),
('orell', 'mpapqfw', '69', '7'),
('pkmcoqh', 'wnkuewh', '38', '17'),
('gbbuq', 'ljjivs', '17', '57'),
('kqtbxi', 'mvtrrbl', '3', '55'),
('nsnfwz', 'fjmafa', '54', '22'),
('wsofsbc', 'uvqhffb', '62', '9'),
('xwpqcac', 'hchzvf', '10', '62'),
('lnozjk', 'qpxrjx', '60', '84'),
('zyxac', 'hhkicq', '68', '13'),
('ndtom', 'gdwdw', '21', '47'),
('pxiqv', 'uytdlcg', '33', '81'),
('htaci', 'hordtq', '53', '60'),
('csgsp', 'oqmsboa', '64', '94'),
('nnyqxnz', 'gdgwp', '17', '93'),
('wblnsad', 'uguumoq', '52', '86'),
('ubeto', 'yxhoac', '78', '94'),
('vmxxr', 'ryxlmn', '30', '52'),
('ukwagml', 'juukwci', '95', '82'),
('bumenme', 'atdrm', '40', '38'),
('ajxlogh', 'qfmzhl', '59', '3'),
('jouvsu', 'oypayu', '44', '77'),
('imuot', 'hzriicf', '4', '45'),
('ggkbb', 'pzzrzu', '46', '82'),
('mludfyk', 'ruowzgi', '8', '54'),
('bppleql', 'phapjna', '35', '21'),
('dcnvw', 'txjbmyp', '63', '31');

INSERT INTO passport
(adress_id, date_of_birth, sex, iin) 
VALUES
(1, '2006-5-13', 'F', '123567'),
(2, '2009-12-13', 'M', '123567'),
(3, '2007-11-11', 'F', '123567'),
(4, '2003-10-18', 'M', '123567'),
(5, '2006-9-22', 'F', '123567'),
(6, '2001-1-14', 'M', '123567'),
(7, '2001-6-2', 'F', '123567'),
(8, '2004-7-22', 'M', '123567'),
(9, '2009-4-10', 'F', '123567'),
(10, '2007-7-27', 'M', '123567'),
(11, '2002-6-19', 'F', '123567'),
(12, '2003-10-27', 'M', '123567'),
(13, '2006-11-13', 'F', '123567'),
(14, '2007-7-3', 'M', '123567'),
(15, '2005-9-27', 'F', '123567'),
(16, '2002-7-19', 'M', '123567'),
(17, '2003-11-28', 'F', '123567'),
(18, '2004-12-10', 'M', '123567'),
(19, '2008-8-25', 'F', '123567'),
(20, '2002-7-16', 'M', '123567'),
(21, '2006-3-17', 'F', '123567'),
(22, '2007-3-22', 'M', '123567'),
(23, '2001-3-24', 'F', '123567'),
(24, '2003-9-10', 'M', '123567'),
(25, '2001-5-7', 'F', '123567'),
(26, '2002-11-21', 'M', '123567'),
(27, '2003-10-11', 'F', '123567'),
(28, '2008-2-14', 'M', '123567'),
(29, '2007-8-26', 'F', '123567'),
(30, '2001-6-20', 'M', '123567'),
(31, '2002-10-31', 'M', '123456'),
(32, '2007-1-12', 'M', '123123'),
(33, '2006-2-12', 'M', '123654'),
(34, '2001-6-13', 'F', '567567'),
(35, '2000-4-14', 'F', '234234'),
(36, '2000-6-15', 'F', '909909'),--6
(37, '2000-6-15', 'F', '909909'),--staff
(38, '2000-6-15', 'F', '909909');--staff

INSERT INTO client
(passport_id, client_name, client_surname, registration_date, phone_number, email) 
VALUES
(1, 'qfnxzt', 'rsvbs', '2002-3-7', '+375293154771', 'senbppk@gmail.com'),
(2, 'tpddbu', 'tbbqcw', '2009-8-18', '+375293154771', 'xjujj@gmail.com'),
(3, 'dntgei', 'vdgaijv', '2009-5-27', '+375293154771', 'ubwewp@gmail.com'),
(4, 'vygeh', 'jxepbpi', '2003-5-27', '+375293154771', 'dzubdub@gmail.com'),
(5, 'vafsp', 'pqwuzif', '2003-11-2', '+375293154771', 'ddwy@gmail.com'),
(6, 'burczmg', 'jgfdx', '2002-12-2', '+375293154771', 'nneslsp@gmail.com'),
(7, 'wuiupfx', 'zbknh', '2005-1-16', '+375293154771', 'anltc@gmail.com'),
(8, 'irjcdd', 'ozoyv', '2007-9-5', '+375293154771', 'fwcsfm@gmail.com'),
(9, 'xeqmrj', 'wrghw', '2007-9-7', '+375293154771', 'meahk@gmail.com'),
(10, 'ccnae', 'hsvey', '2004-7-4', '+375293154771', 'hlrnu@gmail.com'),
(11, 'Ryan', 'Gosling', '2020-10-4', '+375293514771', 'ryangosling@bmail.by'),
(12, 'Illidan', 'Stormrage', '2018-10-9', '+375293514767', 'dsfasdf@fmail.by'),
(13, 'Arthas', 'Menethil', '2017-10-3', '+375293514098', 'asdfg@hmail.by'),
(14, 'Lich', 'King', '2020-6-4', '+375293511234', 'ffdfdfff@amail.by'),
(15, 'Malfurion', 'Stormrage', '2020-1-4', '+375293514567', 'loh@kmail.by'),
(16, 'Sylvanas', 'Windrunner', '2000-12-4', '+375293517777', 'bgirl@kmail.by');

INSERT INTO clinic
(adress_id, phone_number)
VALUES
(9, '+3754455566644');

INSERT INTO client_clinic
(client_id, clinic_id) 
VALUES
(1, 1),
(2, 1),
(3, 1),
(4, 1),
(5, 1),
(6, 1),
(7, 1),
(8, 1),
(9, 1),
(10, 1),
(11, 1),
(12, 1),
(13, 1),
(14, 1),
(15, 1),
(16, 1);

INSERT INTO staff
(passport_id, clinic_id, staff_name, staff_surname, staff_role, staff_position, phone_number, email) 
VALUES
(17, 1, 'yfdzr', 'basjeuy', 'Staff', 'konch', '+375293154771', 'afoub@gmail.com'),
(18, 1, 'tpnim', 'wfjqsj', 'Staff', 'konch', '+375293154771', 'vkqdo@gmail.com'),
(19, 1, 'xxvrwc', 'dsneog', 'Staff', 'konch', '+375293154771', 'bpkxl@gmail.com'),
(20, 1, 'gdirb', 'criqifp', 'Staff', 'konch', '+375293154771', 'ynkrre@gmail.com'),
(21, 1, 'xsnvu', 'ftpwct', 'Staff', 'konch', '+375293154771', 'twmxn@gmail.com'),
(22, 1, 'pycfgc', 'qunubl', 'Staff', 'konch', '+375293154771', 'oiitn@gmail.com'),
(23, 1, 'klefsz', 'exrampe', 'Staff', 'konch', '+375293154771', 'vhqnd@gmail.com'),
(24, 1, 'jeqvu', 'gpnka', 'Manager', 'konch', '+375293154771', 'qfrpjv@gmail.com'),
(25, 1, 'axdpcw', 'jobmsks', 'Manager', 'konch', '+375293154771', 'fojnewx@gmail.com'),
(26, 1, 'xnnofwl', 'wjwnnvb', 'Manager', 'konch', '+375293154771', 'jckdmeo@gmail.com'),
(27, 1, 'Asdf', 'Frog', 'Manager', 'idiot', '+3754477711133', 'asdf@adsf.eu'),
(28, 1, 'Dima', 'Dog', 'Staff', 'idiot', '+3754412345678', 'hjfjdfh@jdsf.by');

INSERT INTO kind
(kind_name)
VALUES
('Dog'),
('Cat'),
('Stas');

INSERT INTO breed
(breed_name, kind_id) 
VALUES
('Ghoul', 1),
('Orc', 1),
('Troll', 2),
('Elf', 2),
('Monkey', 3);

INSERT INTO animal
(breed_id, client_id, animal_name, sex, date_of_birth, information) 
VALUES
(3, 3, 'hyvhgvw', 'F', '2009-8-8', 'xxpitcv'),
(2, 11, 'aiddvhr', 'M', '2009-8-1', 'cqhklee'),
(5, 1, 'temba', 'F', '2003-9-17', 'pqhsu'),
(2, 9, 'vfgvj', 'M', '2007-6-26', 'jafqzz'),
(4, 9, 'xdzncqg', 'F', '2004-8-19', 'opkvx'),
(2, 6, 'icetcm', 'M', '2003-8-20', 'opgtqvv'),
(4, 9, 'sdviv', 'F', '2009-5-1', 'kqxmwrq'),
(2, 9, 'vmhlubb', 'M', '2004-1-3', 'heyen'),
(1, 4, 'obdeyq', 'F', '2002-8-17', 'uaiihve'),
(4, 14, 'jjrqopu', 'M', '2006-8-19', 'xhxdip'),
(1, 5, 'swybgf', 'F', '2005-6-27', 'jzharvr'),
(5, 15, 'uuzdr', 'M', '2001-10-28', 'phclffr'),
(3, 5, 'cbpdi', 'F', '2009-1-2', 'idjcxjh'),
(3, 4, 'cxmjcx', 'M', '2004-6-1', 'nxdrmgz'),
(3, 11, 'nlmwpmh', 'F', '2003-8-16', 'hsfqu'),
(5, 12, 'xgruj', 'M', '2006-1-23', 'mvrzg'),
(3, 3, 'rftwapd', 'F', '2006-3-24', 'bztygns'),
(1, 9, 'jjngcom', 'M', '2002-9-6', 'sdwssz'),
(2, 8, 'druypcn', 'F', '2008-1-10', 'fuzmxn'),
(1, 2, 'mespc', 'M', '2003-10-9', 'zxdrt'),
(1, 3, 'rqsccz', 'F', '2002-6-14', 'qqcqcj'),
(1, 14, 'vcnvbma', 'M', '2007-9-22', 'gwraa'),
(5, 4, 'wpwmf', 'F', '2008-6-4', 'ncvkelh'),
(2, 3, 'chpdnl', 'M', '2006-4-23', 'pnlgjzn'),
(4, 9, 'wuysg', 'F', '2008-4-27', 'expmmsb'),
(3, 14, 'mdgzqm', 'M', '2003-1-20', 'uvtqvnx'),
(3, 14, 'qzkglza', 'F', '2001-10-20', 'nsjolvy'),
(3, 14, 'xttqogn', 'M', '2007-6-7', 'akqllsz'),
(2, 11, 'zconn', 'F', '2009-5-15', 'lpeefs'),
(1, 3, 'ouwqho', 'M', '2009-3-3', 'fohesy'),
(5, 8, 'gxwto', 'F', '2003-5-19', 'nojdj'),
(3, 7, 'twkbap', 'M', '2008-1-9', 'imqwsp'),
(2, 7, 'vlcsaqb', 'F', '2002-8-25', 'tbseet'),
(4, 4, 'nfnby', 'M', '2002-6-16', 'jxyuzqx'),
(3, 2, 'tbzpct', 'F', '2003-10-13', 'fremgfk'),
(3, 13, 'vkzvgbo', 'M', '2007-10-28', 'ojhdnay'),
(4, 4, 'bitoraa', 'F', '2009-2-1', 'nezwf'),
(1, 3, 'wlohs', 'M', '2006-8-18', 'tkfvsy'),
(2, 1, 'lucqx', 'F', '2005-5-1', 'dntdm'),
(4, 13, 'zlqse', 'M', '2008-5-22', 'zksklf'),
(3, 9, 'chvczy', 'F', '2009-12-14', 'cxbbis'),
(1, 3, 'aylzif', 'M', '2001-6-23', 'ikssfx'),
(1, 14, 'ojxqi', 'F', '2005-1-14', 'qfwqdj'),
(4, 2, 'cgdqrnl', 'M', '2008-3-19', 'azvmw'),
(3, 8, 'fnnxvlo', 'F', '2001-8-27', 'liuqand'),
(4, 6, 'vfauao', 'M', '2003-12-14', 'vacsvpi'),
(1, 15, 'iawcq', 'F', '2003-5-23', 'qwgxyaz'),
(1, 8, 'aikame', 'M', '2003-10-12', 'qbcqag'),
(3, 13, 'chryn', 'F', '2005-6-23', 'mlfot'),
(3, 15, 'vokiia', 'M', '2004-3-27', 'vxjvbs'),
(1, 1, 'Djo', 'M', '2015-7-19', 'cringe'),
(1, 1, 'Jojo', 'M', '2014-1-19', 'cringe'),
(2, 2, 'Lein', 'F', '2013-2-19', 'cringe'),
(2, 2, 'Kujo', 'M', '2017-3-19', 'cringe'),
(3, 3, 'Rey', 'M', '2018-4-19', 'cringe'),
(3, 3, 'Dio', 'M', '2019-5-19', 'cringe'),
(4, 4, 'Mage', 'F', '2019-6-19', 'cringe'),
(4, 4, 'SJ', 'M', '2019-7-19', 'cringe'),
(5, 5, 'Bro', 'F', '2019-8-19', 'cringe'),
(1, 5, 'Murka', 'F', '2018-2-19', 'cringe'),
(1, 5, 'Murzik', 'M', '2018-10-19', 'cringe'),
(2, 6, 'Hwo', 'M', '2018-11-19', 'cringe');

INSERT INTO service
(service_name, price)
VALUES
('Osmotr', 10),
('Usyplenie', 20);

INSERT INTO medicines
(medicines_name, description, price)
VALUES 
('arpetol', 'something', 11),
('loratadin', 'something', 12),
('rish', 'something', 13);

--log service2 medicines2

INSERT INTO visitor_log
(animal_id, visit_date) 
VALUES
(11, '2001-7-12'),
(48, '2001-2-14'),
(40, '2001-6-7'),
(26, '2002-12-19'),
(29, '2008-2-11'),
(27, '2002-6-27'),
(34, '2003-12-15'),
(50, '2002-9-25'),
(40, '2007-12-19'),
(37, '2005-4-10'),
(17, '2004-8-14'),
(38, '2004-8-28'),
(13, '2003-3-17'),
(18, '2008-7-7'),
(32, '2001-9-3'),
(2, '2006-11-7'),
(48, '2002-1-15'),
(20, '2005-12-8'),
(32, '2006-1-25'),
(48, '2003-5-18'),
(47, '2005-2-11'),
(20, '2001-5-13'),
(33, '2002-3-22'),
(3, '2006-8-26'),
(41, '2003-4-9'),
(47, '2004-12-2'),
(3, '2007-6-8'),
(29, '2008-10-25'),
(14, '2006-11-5'),
(45, '2005-9-1'),
(35, '2004-10-3'),
(1, '2003-4-15'),
(36, '2002-3-2'),
(27, '2001-11-1'),
(29, '2003-12-19'),
(4, '2004-11-10'),
(12, '2002-2-26'),
(37, '2005-11-5'),
(16, '2006-7-22'),
(33, '2007-8-4'),
(27, '2005-2-3'),
(11, '2003-11-15'),
(28, '2006-9-14'),
(9, '2007-3-14'),
(8, '2004-4-4'),
(2, '2009-4-15'),
(11, '2005-8-1'),
(32, '2004-9-8'),
(4, '2001-3-14'),
(29, '2005-4-21'),
(11, '2007-10-14'),
(32, '2009-7-14'),
(5, '2008-9-1'),
(33, '2001-7-20'),
(34, '2001-4-5'),
(8, '2004-9-11'),
(15, '2009-4-18'),
(35, '2002-2-6'),
(26, '2003-3-11'),
(40, '2009-4-28'),
(27, '2007-4-1'),
(41, '2009-4-6'),
(49, '2006-3-2'),
(47, '2009-4-24'),
(5, '2004-1-11'),
(19, '2009-4-2'),
(6, '2006-4-13'),
(11, '2003-8-17'),
(36, '2001-5-24'),
(32, '2001-1-18'),
(2, '2001-7-14'),
(11, '2001-5-9'),
(44, '2005-8-24'),
(34, '2006-5-25'),
(47, '2006-9-19'),
(11, '2005-7-10'),
(26, '2002-9-13'),
(1, '2007-2-14'),
(20, '2006-12-9'),
(25, '2007-5-16'),
(45, '2007-3-6'),
(47, '2007-11-27'),
(46, '2005-9-5'),
(37, '2003-10-2'),
(45, '2001-10-28'),
(8, '2003-9-3'),
(30, '2009-3-14'),
(30, '2003-1-12'),
(11, '2009-1-5'),
(41, '2006-11-11'),
(36, '2002-7-16'),
(5, '2007-10-10'),
(34, '2008-5-25'),
(20, '2008-8-7'),
(9, '2002-1-8'),
(39, '2001-11-28'),
(34, '2006-8-28'),
(46, '2002-6-15'),
(23, '2009-10-14'),
(12, '2007-3-13'),
(11, '2001-7-12'),
(48, '2001-2-14'),
(40, '2001-6-7'),
(26, '2002-12-19'),
(29, '2008-2-11'),
(27, '2002-6-27'),
(34, '2003-12-15'),
(50, '2002-9-25'),
(40, '2007-12-19'),
(37, '2005-4-10'),
(17, '2004-8-14'),
(38, '2004-8-28'),
(13, '2003-3-17'),
(18, '2008-7-7'),
(32, '2001-9-3'),
(2, '2006-11-7'),
(48, '2002-1-15'),
(20, '2005-12-8'),
(32, '2006-1-25'),
(48, '2003-5-18'),
(47, '2005-2-11'),
(20, '2001-5-13'),
(33, '2002-3-22'),
(3, '2006-8-26'),
(41, '2003-4-9'),
(47, '2004-12-2'),
(3, '2007-6-8'),
(29, '2008-10-25'),
(14, '2006-11-5'),
(45, '2005-9-1'),
(35, '2004-10-3'),
(1, '2003-4-15'),
(36, '2002-3-2'),
(27, '2001-11-1'),
(29, '2003-12-19'),
(4, '2004-11-10'),
(12, '2002-2-26'),
(37, '2005-11-5'),
(16, '2006-7-22'),
(33, '2007-8-4'),
(27, '2005-2-3'),
(11, '2003-11-15'),
(28, '2006-9-14'),
(9, '2007-3-14'),
(8, '2004-4-4'),
(2, '2009-4-15'),
(11, '2005-8-1'),
(32, '2004-9-8'),
(4, '2001-3-14'),
(29, '2005-4-21');

INSERT INTO medicines_used
(visitor_log_id, medicines_id, amount)
VALUES
(8, 1, 1),
(7, 2, 3),
(9, 3, 1),
(5, 3, 3),
(6, 2, 1),
(9, 2, 3),
(4, 2, 2),
(6, 1, 3),
(5, 1, 2),
(6, 3, 1),
(1, 3, 1),
(10, 2, 3),
(10, 1, 3),
(3, 1, 3),
(5, 3, 2),
(10, 3, 1),
(5, 1, 2),
(7, 3, 3),
(10, 2, 3),
(4, 1, 2),
(6, 1, 2),
(8, 2, 3),
(9, 2, 1),
(8, 3, 2),
(4, 2, 2),
(8, 3, 1),
(4, 1, 2),
(5, 3, 2),
(5, 2, 1),
(4, 3, 2),
(3, 1, 1),
(7, 3, 2),
(6, 2, 1),
(4, 1, 3),
(5, 3, 2),
(6, 3, 2),
(3, 1, 2),
(6, 1, 3),
(5, 3, 2),
(1, 2, 1),
(5, 3, 1),
(4, 3, 2),
(3, 1, 1),
(6, 2, 2),
(4, 3, 2),
(1, 1, 1),
(2, 3, 2),
(5, 2, 3),
(2, 1, 3),
(2, 2, 1),
(9, 1, 1),
(9, 1, 2),
(3, 2, 2),
(9, 2, 1),
(7, 1, 3),
(9, 2, 1),
(6, 2, 1),
(3, 2, 2),
(3, 3, 3),
(1, 3, 2),
(2, 2, 2),
(10, 3, 2),
(10, 1, 1),
(1, 1, 2),
(7, 3, 3),
(3, 1, 2),
(8, 2, 1),
(4, 3, 2),
(6, 2, 2),
(10, 2, 2),
(6, 1, 1),
(1, 1, 3),
(7, 2, 1),
(10, 2, 1),
(5, 2, 1),
(5, 2, 2),
(3, 1, 1),
(8, 2, 1),
(10, 3, 3),
(9, 1, 2),
(9, 3, 1),
(10, 3, 2),
(2, 2, 3),
(9, 1, 1),
(9, 1, 3),
(10, 2, 2),
(8, 2, 2),
(2, 3, 1),
(4, 1, 1),
(5, 3, 2),
(7, 3, 1),
(2, 1, 1),
(3, 2, 2),
(6, 1, 3),
(4, 3, 3),
(3, 2, 2),
(8, 2, 1),
(5, 3, 1),
(3, 2, 2),
(5, 1, 1),
(3, 3, 2),
(9, 2, 3),
(7, 3, 1),
(3, 1, 2),
(9, 2, 3),
(9, 3, 1),
(9, 1, 3),
(9, 2, 3),
(3, 3, 1),
(5, 1, 3),
(5, 3, 3),
(6, 3, 1),
(5, 2, 3),
(4, 3, 1),
(3, 2, 3),
(1, 3, 3),
(7, 1, 1),
(2, 1, 3),
(8, 2, 2),
(4, 1, 2),
(1, 2, 2),
(1, 3, 1),
(8, 1, 3),
(5, 2, 3),
(9, 3, 2),
(4, 3, 2),
(10, 1, 2),
(7, 2, 3),
(3, 2, 1),
(7, 1, 2),
(5, 1, 1),
(1, 1, 3),
(7, 2, 2),
(5, 3, 3),
(3, 2, 2),
(9, 3, 2),
(6, 2, 3),
(3, 3, 2),
(8, 1, 3),
(7, 2, 1),
(9, 2, 2),
(5, 3, 3),
(10, 2, 2),
(7, 1, 2),
(3, 2, 1),
(8, 3, 1),
(2, 2, 2),
(8, 2, 2),
(2, 2, 2),
(5, 1, 1),
(2, 1, 2),
(4, 1, 2),
(2, 3, 1),
(5, 2, 1),
(7, 2, 1),
(9, 3, 3),
(6, 1, 1),
(8, 2, 2),
(1, 1, 1),
(1, 1, 1),
(1, 2, 1),
(1, 2, 1),
(10, 1, 2),
(4, 3, 3),
(9, 2, 2),
(8, 3, 1),
(10, 1, 2),
(4, 3, 3),
(8, 1, 2),
(7, 2, 3),
(1, 2, 1),
(6, 3, 2),
(4, 2, 3),
(6, 2, 2),
(10, 3, 1),
(3, 1, 3),
(7, 3, 3),
(1, 1, 1),
(8, 2, 1),
(2, 3, 3),
(8, 2, 2),
(9, 1, 2),
(8, 1, 3),
(8, 3, 2),
(3, 1, 1),
(9, 1, 1),
(8, 3, 1),
(7, 2, 1),
(3, 1, 1),
(8, 2, 3),
(2, 2, 2),
(10, 3, 2),
(7, 3, 1),
(4, 2, 1),
(10, 3, 1),
(7, 3, 3),
(8, 2, 2),
(2, 3, 1),
(6, 3, 3),
(4, 3, 1),
(6, 3, 1),
(4, 1, 3),
(3, 3, 1),
(6, 2, 2),
(2, 3, 3),
(9, 2, 2),
(8, 2, 3),
(10, 2, 3),
(3, 1, 3),
(7, 3, 3),
(5, 2, 2),
(3, 3, 2),
(3, 3, 2),
(5, 1, 3),
(2, 1, 1),
(1, 3, 3),
(9, 2, 1),
(3, 3, 3),
(5, 1, 1),
(7, 1, 3),
(7, 2, 2),
(1, 1, 2),
(4, 1, 2),
(6, 3, 2),
(2, 2, 2),
(2, 3, 3),
(10, 3, 2),
(7, 3, 2),
(7, 3, 2),
(2, 3, 2),
(1, 2, 2),
(9, 2, 3),
(1, 3, 3),
(1, 3, 1),
(8, 3, 2),
(2, 1, 3),
(10, 1, 3),
(3, 3, 3),
(1, 1, 3),
(8, 2, 3),
(1, 3, 1),
(5, 1, 2),
(2, 3, 1),
(10, 3, 1),
(10, 2, 1),
(7, 1, 2),
(10, 1, 3),
(9, 3, 2),
(7, 1, 2),
(7, 3, 1),
(9, 1, 3),
(9, 2, 2),
(9, 2, 1),
(8, 3, 1),
(9, 3, 3),
(1, 3, 3),
(9, 2, 1),
(3, 1, 2),
(10, 2, 2),
(4, 3, 1),
(10, 3, 3),
(8, 2, 1),
(7, 3, 3),
(9, 2, 2),
(7, 2, 2),
(7, 2, 2),
(10, 1, 1),
(9, 2, 1),
(6, 2, 3),
(3, 1, 2),
(2, 3, 1),
(2, 3, 3),
(7, 3, 3),
(10, 2, 2),
(2, 1, 1),
(4, 3, 2),
(1, 3, 3),
(5, 1, 2),
(2, 2, 2),
(4, 3, 2),
(3, 1, 3),
(3, 2, 2),
(2, 2, 1),
(6, 1, 3),
(8, 1, 3),
(4, 3, 1),
(8, 1, 1),
(7, 2, 1),
(9, 3, 1),
(8, 1, 3),
(1, 1, 1),
(8, 2, 3),
(10, 2, 1),
(4, 2, 3),
(9, 3, 3),
(3, 2, 3),
(5, 2, 3),
(2, 3, 1),
(6, 2, 1),
(9, 2, 2),

(1, 1, 1),
(10, 2, 3),
(1, 1, 3),
(10, 3, 3),
(3, 1, 1),
(6, 2, 1),
(8, 2, 1),
(2, 3, 3),
(5, 3, 1),
(4, 1, 2),
(2, 2, 2),
(5, 3, 3),
(10, 3, 1),
(6, 2, 1),
(4, 3, 2),
(3, 1, 3),
(9, 3, 3),
(6, 3, 3),
(8, 2, 2),
(1, 1, 3),
(9, 3, 1),
(4, 2, 3),
(2, 3, 1),
(2, 2, 3),
(6, 1, 2),
(6, 1, 1),
(1, 1, 3),
(3, 1, 3),
(1, 1, 2),
(5, 2, 2),
(1, 1, 2),
(2, 1, 2),
(3, 2, 2),
(4, 2, 2),
(5, 3, 2),
(6, 3, 2);

INSERT INTO service_rendered
(staff_id, service_id, visitor_log_id, amount)
VALUES
(6, 2, 39, 1),
(2, 1, 2, 1),
(10, 2, 14, 1),
(2, 1, 17, 3),
(7, 1, 46, 3),
(6, 1, 24, 3),
(10, 1, 28, 3),
(7, 1, 8, 3),
(3, 2, 5, 2),
(6, 2, 36, 3),
(6, 2, 6, 1),
(4, 2, 32, 2),
(10, 1, 42, 1),
(2, 1, 31, 3),
(6, 1, 11, 1),
(7, 2, 28, 1),
(6, 2, 34, 2),
(10, 2, 40, 1),
(1, 1, 45, 3),
(1, 2, 15, 2),
(5, 2, 39, 1),
(2, 2, 20, 3),
(8, 2, 31, 1),
(10, 2, 47, 2),
(9, 2, 9, 1),
(3, 2, 26, 2),
(7, 1, 48, 3),
(8, 2, 28, 3),
(9, 1, 49, 3),
(8, 1, 17, 2),
(10, 1, 22, 2),
(6, 2, 17, 2),
(2, 2, 26, 2),
(7, 2, 31, 3),
(6, 2, 39, 2),
(4, 1, 27, 3),
(7, 1, 2, 3),
(5, 1, 40, 2),
(9, 1, 47, 2),
(3, 2, 21, 3),
(1, 2, 43, 3),
(1, 1, 44, 1),
(5, 2, 1, 3),
(2, 1, 9, 3),
(5, 1, 13, 1),
(3, 2, 48, 2),
(7, 2, 27, 2),
(9, 1, 38, 1),
(9, 2, 20, 1),
(5, 1, 27, 1),
(8, 1, 6, 1),
(9, 2, 37, 3),
(8, 2, 16, 2),
(5, 1, 13, 1),
(1, 1, 21, 2),
(2, 2, 22, 1),
(10, 1, 40, 3),
(5, 2, 4, 2),
(8, 1, 3, 1),
(4, 2, 23, 1),
(3, 2, 13, 1),
(5, 1, 20, 3),
(10, 2, 35, 1),
(10, 2, 2, 3),
(8, 1, 34, 1),
(3, 1, 8, 1),
(7, 2, 20, 3),
(3, 2, 25, 2),
(1, 2, 44, 3),
(6, 1, 3, 1),
(4, 2, 47, 2),
(7, 2, 45, 2),
(3, 2, 50, 3),
(8, 1, 18, 1),
(3, 1, 38, 2),
(8, 2, 22, 1),
(1, 1, 47, 1),
(1, 2, 1, 3),
(9, 2, 41, 1),
(7, 1, 31, 2),
(7, 1, 47, 2),
(3, 1, 2, 3),
(3, 1, 42, 2),
(4, 1, 41, 1),
(1, 1, 23, 1),
(8, 1, 48, 2),
(2, 2, 11, 3),
(7, 1, 11, 1),
(5, 2, 30, 3),
(6, 1, 34, 3),
(1, 1, 10, 1),
(9, 2, 31, 2),
(9, 1, 33, 1),
(7, 1, 2, 1),
(2, 2, 21, 2),
(8, 1, 42, 3),
(2, 2, 4, 1),
(4, 1, 47, 2),
(4, 2, 3, 3),
(8, 1, 27, 3),
(7, 1, 21, 2),
(3, 2, 13, 2),
(9, 1, 14, 3),
(6, 2, 33, 3),
(9, 2, 28, 3),
(6, 2, 10, 3),
(9, 2, 47, 3),
(6, 1, 33, 1),
(3, 2, 47, 2),
(9, 1, 40, 1),
(4, 1, 18, 3),
(2, 2, 21, 3),
(9, 2, 26, 2),
(1, 1, 7, 3),
(9, 1, 39, 2),
(5, 2, 30, 2),
(9, 2, 32, 1),
(6, 1, 30, 2),
(8, 1, 41, 3),
(8, 2, 33, 1),
(1, 2, 2, 3),
(4, 2, 37, 3),
(10, 1, 40, 3),
(10, 1, 42, 3),
(6, 2, 39, 3),
(8, 2, 14, 1),
(7, 2, 16, 1),
(9, 2, 4, 1),
(7, 1, 15, 1),
(6, 1, 48, 2),
(7, 1, 12, 2),
(9, 1, 6, 2),
(8, 2, 36, 3),
(2, 1, 2, 1),
(7, 1, 43, 1),
(8, 2, 4, 3),
(4, 2, 28, 1),
(10, 1, 45, 3),
(5, 2, 25, 3),
(1, 2, 28, 2),
(6, 1, 15, 3),
(6, 1, 16, 2),
(5, 2, 46, 3),
(8, 2, 28, 2),
(1, 1, 32, 3),
(3, 2, 39, 2),
(4, 1, 21, 2),
(2, 2, 33, 3),
(7, 2, 5, 2),
(4, 2, 5, 3),
(2, 2, 2, 2),
(3, 2, 3, 3),
(8, 2, 16, 3),
(2, 2, 19, 3),
(8, 2, 40, 2),
(3, 2, 30, 2),
(1, 2, 42, 3),
(8, 2, 38, 1),
(10, 1, 31, 2),
(2, 1, 29, 3),
(1, 2, 32, 3),
(1, 2, 30, 3),
(3, 1, 31, 1),
(4, 2, 48, 3),
(5, 2, 4, 1),
(9, 1, 44, 1),
(2, 2, 42, 1),
(3, 2, 14, 2),
(8, 1, 16, 2),
(7, 1, 40, 2),
(5, 2, 28, 2),
(1, 2, 26, 1),
(7, 2, 31, 2),
(2, 2, 43, 1),
(4, 2, 8, 1),
(7, 1, 48, 1),
(8, 1, 46, 1),
(9, 1, 4, 2),
(8, 2, 34, 3),
(9, 2, 18, 2),
(3, 2, 29, 1),
(6, 1, 23, 1),
(8, 2, 46, 3),
(4, 1, 42, 3),
(9, 1, 36, 2),
(5, 2, 43, 3),
(3, 2, 23, 1),
(9, 1, 7, 2),
(2, 1, 1, 3),
(10, 1, 49, 1),
(6, 2, 35, 2),
(10, 1, 30, 1),
(7, 1, 16, 2),
(6, 2, 27, 3),
(6, 2, 12, 3),
(6, 2, 11, 1),
(7, 1, 8, 3),
(7, 2, 36, 2),
(4, 1, 50, 2),
(1, 1, 41, 1),
(8, 2, 12, 1),
(6, 1, 35, 3),
(4, 2, 28, 3),
(8, 2, 25, 3),
(2, 2, 41, 3),
(2, 2, 29, 1),
(2, 1, 39, 1),
(1, 1, 23, 2),
(7, 2, 15, 1),
(8, 1, 6, 3),
(8, 1, 9, 3),
(3, 2, 38, 2),
(9, 2, 12, 2),
(10, 2, 8, 3),
(10, 1, 17, 1),
(9, 1, 42, 1),
(6, 2, 20, 3),
(8, 1, 26, 3),
(8, 1, 20, 1),
(10, 2, 5, 2),
(1, 2, 2, 1),
(8, 1, 13, 3),
(7, 1, 11, 3),
(9, 1, 2, 3),
(2, 2, 1, 3),
(6, 1, 27, 2),
(3, 2, 36, 2),
(7, 1, 21, 1),
(8, 2, 1, 1),
(3, 1, 46, 3),
(3, 2, 26, 2),
(4, 2, 11, 3),
(1, 1, 47, 1),
(9, 1, 5, 3),
(2, 2, 32, 3),
(2, 1, 30, 2),
(8, 2, 8, 2),
(5, 1, 3, 3),
(5, 2, 4, 3),
(9, 2, 7, 3),
(6, 1, 11, 3),
(9, 1, 15, 2),
(4, 1, 31, 1),
(5, 2, 29, 2),
(9, 2, 46, 2),
(5, 2, 24, 3),
(9, 1, 38, 1),
(2, 1, 50, 1),
(1, 2, 33, 1),
(4, 2, 30, 3),
(8, 2, 17, 3),
(1, 1, 37, 3),
(4, 2, 46, 3),
(3, 1, 38, 2),
(9, 2, 3, 3),
(4, 2, 10, 3),
(4, 1, 5, 2),
(4, 2, 20, 3),
(7, 2, 46, 3),
(4, 2, 28, 3),
(6, 1, 49, 2),
(3, 1, 13, 3),
(6, 1, 32, 1),
(1, 1, 16, 3),
(7, 1, 24, 1),
(8, 2, 22, 1),
(3, 1, 23, 1),
(3, 2, 40, 3),
(2, 2, 19, 1),
(8, 2, 6, 1),
(10, 1, 35, 3),
(4, 1, 5, 3),
(5, 1, 50, 1),
(4, 1, 40, 3),
(4, 1, 26, 2),
(4, 1, 15, 2),
(7, 1, 3, 2),
(8, 1, 31, 3),
(1, 1, 37, 3),
(9, 2, 4, 2),
(2, 1, 29, 1),
(9, 2, 6, 2),
(10, 2, 19, 1),
(10, 1, 33, 3),
(10, 1, 42, 1),
(5, 2, 8, 3),
(10, 1, 31, 2),
(8, 2, 5, 3),
(10, 1, 9, 2),
(1, 2, 42, 1),
(7, 1, 27, 1),
(7, 1, 4, 1),
(6, 1, 7, 3),
(8, 2, 39, 3),
(10, 2, 20, 1),
(7, 2, 9, 3),
(7, 1, 19, 3),
(3, 2, 42, 3),
(4, 1, 27, 2),
(9, 1, 38, 3),

(6, 2, 34, 3),
(7, 1, 47, 3),
(7, 1, 11, 2),
(7, 2, 26, 2),
(5, 1, 1, 1),
(6, 2, 20, 3),
(6, 1, 25, 1),
(7, 2, 45, 1),
(1, 2, 47, 1),
(1, 1, 46, 2),
(3, 1, 37, 3),
(6, 2, 45, 1),
(2, 2, 8, 3),
(1, 1, 30, 3),
(9, 2, 30, 3),
(3, 2, 11, 3),
(5, 1, 41, 3),
(3, 1, 36, 2),
(7, 2, 5, 1),
(8, 2, 34, 2),
(9, 1, 20, 2),
(2, 1, 9, 2),
(7, 2, 39, 1),
(3, 2, 34, 3),
(10, 2, 46, 2),
(2, 1, 23, 3),
(8, 2, 12, 1),
(1, 1, 8, 1),
(8, 1, 29, 3),
(9, 1, 42, 3),
(1, 1, 1, 1),
(1, 1, 2, 1),
(1, 1, 3, 1),
(2, 2, 4, 1),
(2, 2, 5, 1),
(2, 2, 6, 1);




